{"epoch":10,"loss":142281.4941304075,"_timestamp":1.7266762057110012e+09,"_runtime":63.605629,"_wandb":{"runtime":63},"_step":9}