{"loss":141287.09600069287,"_timestamp":1.726676916738667e+09,"_wandb":{"runtime":130},"_runtime":129.94659,"_step":19,"epoch":20}