{"_timestamp":1.7266756570517728e+09,"_runtime":67.552908,"_step":9,"epoch":10,"loss":142485.45355281033,"_wandb":{"runtime":67}}